exp_id,features,model,cv_mean,cv_std,cv_folds,lb_score,notes
1,All_v1,lightgbm,0.956074,0.640127,"[np.float64(1.056709), np.float64(1.684889), np.float64(0.126623)]",,"params={'objective': 'regression', 'metric': 'rmse', 'boosting_type': 'gbdt', 'n_estimators': 2000, 'learning_rate': 0.05, 'max_depth': 8, 'num_leaves': 63, 'subsample': 0.8, 'colsample_bytree': 0.8, 'reg_alpha': 0.1, 'reg_lambda': 1.0, 'min_child_samples': 20, 'random_state': 42, 'verbose': -1, 'n_jobs': -1}"
1,All_v1,lightgbm,0.956074,0.640127,"[np.float64(1.056709), np.float64(1.684889), np.float64(0.126623)]",,"params={'objective': 'regression', 'metric': 'rmse', 'boosting_type': 'gbdt', 'n_estimators': 2000, 'learning_rate': 0.05, 'max_depth': 8, 'num_leaves': 63, 'subsample': 0.8, 'colsample_bytree': 0.8, 'reg_alpha': 0.1, 'reg_lambda': 1.0, 'min_child_samples': 20, 'random_state': 42, 'verbose': -1, 'n_jobs': -1}"
2,All_v1,catboost,0.855204,0.565776,"[np.float64(0.757036), np.float64(1.591985), np.float64(0.216591)]",,"params={'iterations': 2000, 'learning_rate': 0.05, 'depth': 8, 'l2_leaf_reg': 3.0, 'random_seed': 42, 'verbose': 100, 'loss_function': 'RMSE', 'eval_metric': 'RMSE', 'early_stopping_rounds': 100}"
3,All_v1,xgboost,0.876996,0.412738,"[np.float64(0.933116), np.float64(1.352093), np.float64(0.345779)]",,"params={'objective': 'reg:squarederror', 'eval_metric': 'rmse', 'n_estimators': 2000, 'learning_rate': 0.05, 'max_depth': 8, 'subsample': 0.8, 'colsample_bytree': 0.8, 'reg_alpha': 0.1, 'reg_lambda': 1.0, 'random_state': 42, 'n_jobs': -1, 'verbosity': 0}"
1,All_v1,lightgbm,1.8227,1.105666,"[np.float64(3.307925), np.float64(1.503556), np.float64(0.65662)]",,"params={'objective': 'regression', 'metric': 'rmse', 'boosting_type': 'gbdt', 'n_estimators': 2000, 'learning_rate': 0.05, 'max_depth': 8, 'num_leaves': 63, 'subsample': 0.8, 'colsample_bytree': 0.8, 'reg_alpha': 0.1, 'reg_lambda': 1.0, 'min_child_samples': 20, 'random_state': 42, 'verbose': -1, 'n_jobs': -1}"
2,All_v1,catboost,3.484634,2.981711,"[np.float64(7.578718), np.float64(2.312099), np.float64(0.563086)]",,"params={'iterations': 2000, 'learning_rate': 0.05, 'depth': 8, 'l2_leaf_reg': 3.0, 'random_seed': 42, 'verbose': 100, 'loss_function': 'RMSE', 'eval_metric': 'RMSE', 'early_stopping_rounds': 100}"
3,All_v1,xgboost,3.760178,2.402091,"[np.float64(7.13238), np.float64(2.429391), np.float64(1.718762)]",,"params={'objective': 'reg:squarederror', 'eval_metric': 'rmse', 'n_estimators': 2000, 'learning_rate': 0.05, 'max_depth': 8, 'subsample': 0.8, 'colsample_bytree': 0.8, 'reg_alpha': 0.1, 'reg_lambda': 1.0, 'random_state': 42, 'n_jobs': -1, 'verbosity': 0}"
1,All_v1,lightgbm,1.662559,0.948808,"[np.float64(2.883678), np.float64(1.533671), np.float64(0.570329)]",,"params={'objective': 'regression', 'metric': 'rmse', 'boosting_type': 'gbdt', 'n_estimators': 2000, 'learning_rate': 0.05, 'max_depth': 8, 'num_leaves': 63, 'subsample': 0.8, 'colsample_bytree': 0.8, 'reg_alpha': 0.1, 'reg_lambda': 1.0, 'min_child_samples': 20, 'random_state': 42, 'verbose': -1, 'n_jobs': -1}"
1,All_v1,lightgbm,1.662559,0.948808,"[np.float64(2.883678), np.float64(1.533671), np.float64(0.570329)]",,"params={'objective': 'regression', 'metric': 'rmse', 'boosting_type': 'gbdt', 'n_estimators': 2000, 'learning_rate': 0.05, 'max_depth': 8, 'num_leaves': 63, 'subsample': 0.8, 'colsample_bytree': 0.8, 'reg_alpha': 0.1, 'reg_lambda': 1.0, 'min_child_samples': 20, 'random_state': 42, 'verbose': -1, 'n_jobs': -1}"
2,All_v1,catboost,3.333507,2.952792,"[np.float64(7.420234), np.float64(2.033424), np.float64(0.546862)]",,"params={'iterations': 2000, 'learning_rate': 0.05, 'depth': 8, 'l2_leaf_reg': 3.0, 'random_seed': 42, 'verbose': 100, 'loss_function': 'RMSE', 'eval_metric': 'RMSE', 'early_stopping_rounds': 100}"
3,All_v1,xgboost,3.444632,2.758651,"[np.float64(7.298564), np.float64(2.042678), np.float64(0.992654)]",,"params={'objective': 'reg:squarederror', 'eval_metric': 'rmse', 'n_estimators': 2000, 'learning_rate': 0.05, 'max_depth': 8, 'subsample': 0.8, 'colsample_bytree': 0.8, 'reg_alpha': 0.1, 'reg_lambda': 1.0, 'random_state': 42, 'n_jobs': -1, 'verbosity': 0}"
1,All_v1,lightgbm,1.812324,1.180738,"[np.float64(3.381787), np.float64(1.521359), np.float64(0.533828)]",,"params={'objective': 'regression', 'metric': 'rmse', 'boosting_type': 'gbdt', 'n_estimators': 10000, 'learning_rate': 0.01, 'max_depth': 8, 'num_leaves': 63, 'subsample': 0.8, 'colsample_bytree': 0.8, 'reg_alpha': 0.1, 'reg_lambda': 1.0, 'min_child_samples': 20, 'random_state': 42, 'verbose': -1, 'n_jobs': -1}"
2,All_v1,catboost,0.984635,0.384041,"[np.float64(0.965103), np.float64(1.464448), np.float64(0.524353)]",,"params={'iterations': 2000, 'learning_rate': 0.05, 'depth': 8, 'l2_leaf_reg': 3.0, 'random_seed': 42, 'verbose': 100, 'loss_function': 'RMSE', 'eval_metric': 'RMSE', 'early_stopping_rounds': 100}"
3,All_v1,xgboost,2.495005,1.777962,"[np.float64(4.942651), np.float64(1.769672), np.float64(0.772693)]",,"params={'objective': 'reg:squarederror', 'eval_metric': 'rmse', 'n_estimators': 2000, 'learning_rate': 0.05, 'max_depth': 8, 'subsample': 0.8, 'colsample_bytree': 0.8, 'reg_alpha': 0.1, 'reg_lambda': 1.0, 'random_state': 42, 'n_jobs': -1, 'verbosity': 0}"
1,All_v1,lightgbm,1.812324,1.180738,"[np.float64(3.381787), np.float64(1.521359), np.float64(0.533828)]",,"params={'objective': 'regression', 'metric': 'rmse', 'boosting_type': 'gbdt', 'n_estimators': 10000, 'learning_rate': 0.01, 'max_depth': 8, 'num_leaves': 63, 'subsample': 0.8, 'colsample_bytree': 0.8, 'reg_alpha': 0.1, 'reg_lambda': 1.0, 'min_child_samples': 20, 'random_state': 42, 'verbose': -1, 'n_jobs': -1}"
2,All_v1,catboost,0.984635,0.384041,"[np.float64(0.965103), np.float64(1.464448), np.float64(0.524353)]",,"params={'iterations': 2000, 'learning_rate': 0.05, 'depth': 8, 'l2_leaf_reg': 3.0, 'random_seed': 42, 'verbose': 100, 'loss_function': 'RMSE', 'eval_metric': 'RMSE', 'early_stopping_rounds': 100}"
3,All_v1,xgboost,2.495005,1.777962,"[np.float64(4.942651), np.float64(1.769672), np.float64(0.772693)]",,"params={'objective': 'reg:squarederror', 'eval_metric': 'rmse', 'n_estimators': 2000, 'learning_rate': 0.05, 'max_depth': 8, 'subsample': 0.8, 'colsample_bytree': 0.8, 'reg_alpha': 0.1, 'reg_lambda': 1.0, 'random_state': 42, 'n_jobs': -1, 'verbosity': 0}"
1,All_v1,lightgbm,1.812324,1.180738,"[np.float64(3.381787), np.float64(1.521359), np.float64(0.533828)]",,"params={'objective': 'regression', 'metric': 'rmse', 'boosting_type': 'gbdt', 'n_estimators': 10000, 'learning_rate': 0.01, 'max_depth': 8, 'num_leaves': 63, 'subsample': 0.8, 'colsample_bytree': 0.8, 'reg_alpha': 0.1, 'reg_lambda': 1.0, 'min_child_samples': 20, 'random_state': 42, 'verbose': -1, 'n_jobs': -1}"
2,All_v1,catboost,0.984635,0.384041,"[np.float64(0.965103), np.float64(1.464448), np.float64(0.524353)]",,"params={'iterations': 2000, 'learning_rate': 0.05, 'depth': 8, 'l2_leaf_reg': 3.0, 'random_seed': 42, 'verbose': 100, 'loss_function': 'RMSE', 'eval_metric': 'RMSE', 'early_stopping_rounds': 100}"
3,All_v1,xgboost,2.495005,1.777962,"[np.float64(4.942651), np.float64(1.769672), np.float64(0.772693)]",,"params={'objective': 'reg:squarederror', 'eval_metric': 'rmse', 'n_estimators': 2000, 'learning_rate': 0.05, 'max_depth': 8, 'subsample': 0.8, 'colsample_bytree': 0.8, 'reg_alpha': 0.1, 'reg_lambda': 1.0, 'random_state': 42, 'n_jobs': -1, 'verbosity': 0}"
1,All_v1,lightgbm,1.812324,1.180738,"[np.float64(3.381787), np.float64(1.521359), np.float64(0.533828)]",,"params={'objective': 'regression', 'metric': 'rmse', 'boosting_type': 'gbdt', 'n_estimators': 10000, 'learning_rate': 0.01, 'max_depth': 8, 'num_leaves': 63, 'subsample': 0.8, 'colsample_bytree': 0.8, 'reg_alpha': 0.1, 'reg_lambda': 1.0, 'min_child_samples': 20, 'random_state': 42, 'verbose': -1, 'n_jobs': -1}"
2,All_v1,catboost,0.984635,0.384041,"[np.float64(0.965103), np.float64(1.464448), np.float64(0.524353)]",,"params={'iterations': 2000, 'learning_rate': 0.05, 'depth': 8, 'l2_leaf_reg': 3.0, 'random_seed': 42, 'verbose': 100, 'loss_function': 'RMSE', 'eval_metric': 'RMSE', 'early_stopping_rounds': 100}"
3,All_v1,xgboost,2.495005,1.777962,"[np.float64(4.942651), np.float64(1.769672), np.float64(0.772693)]",,"params={'objective': 'reg:squarederror', 'eval_metric': 'rmse', 'n_estimators': 2000, 'learning_rate': 0.05, 'max_depth': 8, 'subsample': 0.8, 'colsample_bytree': 0.8, 'reg_alpha': 0.1, 'reg_lambda': 1.0, 'random_state': 42, 'n_jobs': -1, 'verbosity': 0}"
1,All_v1,lightgbm,1.812324,1.180738,"[np.float64(3.381787), np.float64(1.521359), np.float64(0.533828)]",,"params={'objective': 'regression', 'metric': 'rmse', 'boosting_type': 'gbdt', 'n_estimators': 10000, 'learning_rate': 0.01, 'max_depth': 8, 'num_leaves': 63, 'subsample': 0.8, 'colsample_bytree': 0.8, 'reg_alpha': 0.1, 'reg_lambda': 1.0, 'min_child_samples': 20, 'random_state': 42, 'verbose': -1, 'n_jobs': -1}"
2,All_v1,catboost,0.984635,0.384041,"[np.float64(0.965103), np.float64(1.464448), np.float64(0.524353)]",,"params={'iterations': 2000, 'learning_rate': 0.05, 'depth': 8, 'l2_leaf_reg': 3.0, 'random_seed': 42, 'verbose': 100, 'loss_function': 'RMSE', 'eval_metric': 'RMSE', 'early_stopping_rounds': 100}"
3,All_v1,xgboost,2.495005,1.777962,"[np.float64(4.942651), np.float64(1.769672), np.float64(0.772693)]",,"params={'objective': 'reg:squarederror', 'eval_metric': 'rmse', 'n_estimators': 2000, 'learning_rate': 0.05, 'max_depth': 8, 'subsample': 0.8, 'colsample_bytree': 0.8, 'reg_alpha': 0.1, 'reg_lambda': 1.0, 'random_state': 42, 'n_jobs': -1, 'verbosity': 0}"
001_v2,All_v2_target_lags_API_no_leakage,lightgbm,4.835903,0.251635,"[np.float64(4.529115), np.float64(5.145473), np.float64(4.833119)]",,"params={'objective': 'huber', 'metric': 'rmse', 'boosting_type': 'gbdt', 'n_estimators': 15000, 'learning_rate': 0.005, 'max_depth': 10, 'num_leaves': 127, 'subsample': 0.7, 'colsample_bytree': 0.6, 'reg_alpha': 0.5, 'reg_lambda': 5.0, 'min_child_samples': 50, 'min_child_weight': 0.001, 'random_state': 42, 'verbose': -1, 'n_jobs': -1}"
001_v2,All_v2_target_lags_API_no_leakage,lightgbm,1.107729,0.566595,"[np.float64(1.74654), np.float64(1.207234), np.float64(0.369415)]",,"params={'objective': 'huber', 'metric': 'rmse', 'boosting_type': 'gbdt', 'n_estimators': 25000, 'learning_rate': 0.01, 'max_depth': 10, 'num_leaves': 63, 'feature_fraction': 0.7, 'bagging_fraction': 0.8, 'bagging_freq': 1, 'min_child_samples': 20, 'random_state': 42, 'n_jobs': -1, 'verbose': -1}"
002_v2,All_v2_target_lags_API_no_leakage,catboost,1.162271,0.562277,"[np.float64(1.731978), np.float64(1.357844), np.float64(0.396993)]",,"params={'iterations': 10000, 'learning_rate': 0.03, 'depth': 8, 'l2_leaf_reg': 5.0, 'random_seed': 42, 'verbose': 200, 'loss_function': 'RMSE', 'eval_metric': 'RMSE', 'early_stopping_rounds': 200, 'subsample': 0.8, 'rsm': 0.7, 'min_data_in_leaf': 30, 'border_count': 254, 'bootstrap_type': 'MVS'}"
003_v2,All_v2_target_lags_API_no_leakage,xgboost,1.187772,0.597786,"[np.float64(1.894806), np.float64(1.235625), np.float64(0.432885)]",,"params={'objective': 'reg:squarederror', 'eval_metric': 'rmse', 'n_estimators': 20000, 'learning_rate': 0.015, 'max_depth': 10, 'subsample': 0.7, 'colsample_bytree': 0.6, 'reg_alpha': 0.5, 'reg_lambda': 5.0, 'min_child_weight': 10, 'gamma': 0.1, 'random_state': 42, 'n_jobs': -1, 'verbosity': 0, 'tree_method': 'hist'}"
004_v2,All_v2_target_lags_API_no_leakage,random_forest,1.092076,0.568533,"[np.float64(1.783431), np.float64(1.101879), np.float64(0.390919)]",,"params={'n_estimators': 1000, 'max_depth': 20, 'min_samples_split': 10, 'min_samples_leaf': 5, 'max_features': 0.5, 'random_state': 42, 'n_jobs': -1}"
001_v2,All_v2_target_lags_API_no_leakage,lightgbm,1.107729,0.566595,"[np.float64(1.74654), np.float64(1.207234), np.float64(0.369415)]",,"params={'objective': 'huber', 'metric': 'rmse', 'boosting_type': 'gbdt', 'n_estimators': 25000, 'learning_rate': 0.01, 'max_depth': 10, 'num_leaves': 63, 'feature_fraction': 0.7, 'bagging_fraction': 0.8, 'bagging_freq': 1, 'min_child_samples': 20, 'random_state': 42, 'n_jobs': -1, 'verbose': -1}"
002_v2,All_v2_target_lags_API_no_leakage,catboost,1.162271,0.562277,"[np.float64(1.731978), np.float64(1.357844), np.float64(0.396993)]",,"params={'iterations': 10000, 'learning_rate': 0.03, 'depth': 8, 'l2_leaf_reg': 5.0, 'random_seed': 42, 'verbose': 200, 'loss_function': 'RMSE', 'eval_metric': 'RMSE', 'early_stopping_rounds': 200, 'subsample': 0.8, 'rsm': 0.7, 'min_data_in_leaf': 30, 'border_count': 254, 'bootstrap_type': 'MVS'}"
003_v2,All_v2_target_lags_API_no_leakage,xgboost,1.187772,0.597786,"[np.float64(1.894806), np.float64(1.235625), np.float64(0.432885)]",,"params={'objective': 'reg:squarederror', 'eval_metric': 'rmse', 'n_estimators': 20000, 'learning_rate': 0.015, 'max_depth': 10, 'subsample': 0.7, 'colsample_bytree': 0.6, 'reg_alpha': 0.5, 'reg_lambda': 5.0, 'min_child_weight': 10, 'gamma': 0.1, 'random_state': 42, 'n_jobs': -1, 'verbosity': 0, 'tree_method': 'hist'}"
004_v2,All_v2_target_lags_API_no_leakage,random_forest,1.092076,0.568533,"[np.float64(1.783431), np.float64(1.101879), np.float64(0.390919)]",,"params={'n_estimators': 1000, 'max_depth': 20, 'min_samples_split': 10, 'min_samples_leaf': 5, 'max_features': 0.5, 'random_state': 42, 'n_jobs': -1}"
005_v2,All_v2_target_lags_API_no_leakage,bagging,1.178217,0.557695,"[np.float64(1.839716), np.float64(1.219421), np.float64(0.475514)]",,"params={'n_estimators': 20, 'max_samples': 0.8, 'max_features': 0.8, 'random_state': 42, 'n_jobs': 2}"
001_v2,All_v2_target_lags_API_no_leakage,lightgbm,1.11472,0.558542,"[np.float64(1.752807), np.float64(1.198897), np.float64(0.392456)]",,"params={'objective': 'huber', 'metric': 'rmse', 'boosting_type': 'gbdt', 'n_estimators': 25000, 'learning_rate': 0.01, 'max_depth': 10, 'num_leaves': 63, 'feature_fraction': 0.7, 'bagging_fraction': 0.8, 'bagging_freq': 1, 'min_child_samples': 20, 'random_state': 42, 'n_jobs': -1, 'verbose': -1}"
002_v2,All_v2_target_lags_API_no_leakage,catboost,1.134663,0.558477,"[np.float64(1.746317), np.float64(1.261563), np.float64(0.396107)]",,"params={'iterations': 10000, 'learning_rate': 0.03, 'depth': 8, 'l2_leaf_reg': 5.0, 'random_seed': 42, 'verbose': 200, 'loss_function': 'RMSE', 'eval_metric': 'RMSE', 'early_stopping_rounds': 200, 'subsample': 0.8, 'rsm': 0.7, 'min_data_in_leaf': 30, 'border_count': 254, 'bootstrap_type': 'MVS'}"
003_v2,All_v2_target_lags_API_no_leakage,xgboost,1.178584,0.601264,"[np.float64(1.885992), np.float64(1.233485), np.float64(0.416274)]",,"params={'objective': 'reg:squarederror', 'eval_metric': 'rmse', 'n_estimators': 20000, 'learning_rate': 0.015, 'max_depth': 10, 'subsample': 0.7, 'colsample_bytree': 0.6, 'reg_alpha': 0.5, 'reg_lambda': 5.0, 'min_child_weight': 10, 'gamma': 0.1, 'random_state': 42, 'n_jobs': -1, 'verbosity': 0, 'tree_method': 'hist'}"
SMOKE_lgb,NoTargetLag_Climatology_RainyWeight,lightgbm,1.228522,0.579468,"[np.float64(1.826235), np.float64(1.415184), np.float64(0.444146)]",,"params={'objective': 'huber', 'metric': 'rmse', 'boosting_type': 'gbdt', 'n_estimators': 600, 'learning_rate': 0.05, 'max_depth': 8, 'num_leaves': 63, 'feature_fraction': 0.7, 'bagging_fraction': 0.8, 'bagging_freq': 1, 'min_child_samples': 20, 'random_state': 42, 'n_jobs': -1, 'verbose': -1}"
001_v3,NoTargetLag_Climatology_RainyWeight_v3,lightgbm,1.271628,0.636448,"[np.float64(1.975292), np.float64(1.405844), np.float64(0.433749)]",,"params={'objective': 'huber', 'metric': 'rmse', 'boosting_type': 'gbdt', 'n_estimators': 25000, 'learning_rate': 0.01, 'max_depth': 10, 'num_leaves': 63, 'feature_fraction': 0.7, 'bagging_fraction': 0.8, 'bagging_freq': 1, 'min_child_samples': 20, 'random_state': 42, 'n_jobs': -1, 'verbose': -1}"
002_v3,NoTargetLag_Climatology_RainyWeight_v3,catboost,1.278573,0.567936,"[np.float64(1.853256), np.float64(1.477165), np.float64(0.505297)]",,"params={'iterations': 10000, 'learning_rate': 0.03, 'depth': 8, 'l2_leaf_reg': 5.0, 'random_seed': 42, 'verbose': 200, 'loss_function': 'RMSE', 'eval_metric': 'RMSE', 'early_stopping_rounds': 200, 'subsample': 0.8, 'rsm': 0.7, 'min_data_in_leaf': 30, 'border_count': 254, 'bootstrap_type': 'MVS'}"
001_v3_rmse_obj,NoTargetLag_Climatology_RainyWeight_v3_rmseObjective,lightgbm,1.308223,0.642634,"[np.float64(2.000065), np.float64(1.472679), np.float64(0.451926)]",,"params={'objective': 'regression', 'metric': 'rmse', 'boosting_type': 'gbdt', 'n_estimators': 25000, 'learning_rate': 0.01, 'max_depth': 10, 'num_leaves': 63, 'feature_fraction': 0.7, 'bagging_fraction': 0.8, 'bagging_freq': 1, 'min_child_samples': 20, 'random_state': 42, 'n_jobs': -1, 'verbose': -1}"
001_v3,NoTargetLag_Climatology_RainyWeight_v3,lightgbm,1.271628,0.636448,"[np.float64(1.975292), np.float64(1.405844), np.float64(0.433749)]",,"params={'objective': 'huber', 'metric': 'rmse', 'boosting_type': 'gbdt', 'n_estimators': 25000, 'learning_rate': 0.01, 'max_depth': 10, 'num_leaves': 63, 'feature_fraction': 0.7, 'bagging_fraction': 0.8, 'bagging_freq': 1, 'min_child_samples': 20, 'random_state': 42, 'n_jobs': -1, 'verbose': -1}"
001_v4_glitchfix_fastcap,GlitchFix_FastCap_Climatology_RainyWeight,lightgbm,1.065462,0.56972,"[np.float64(1.815747), np.float64(0.944636), np.float64(0.436005)]",,"params={'objective': 'huber', 'metric': 'rmse', 'boosting_type': 'gbdt', 'n_estimators': 3000, 'learning_rate': 0.03, 'max_depth': 10, 'num_leaves': 63, 'feature_fraction': 0.7, 'bagging_fraction': 0.8, 'bagging_freq': 1, 'min_child_samples': 20, 'random_state': 42, 'n_jobs': -1, 'verbose': -1}"
002_v4_glitchfix_fastcap,GlitchFix_FastCap_Climatology_RainyWeight,catboost,1.068017,0.550558,"[np.float64(1.786025), np.float64(0.969818), np.float64(0.448207)]",,"params={'iterations': 3000, 'learning_rate': 0.03, 'depth': 8, 'l2_leaf_reg': 5.0, 'random_seed': 42, 'verbose': 200, 'loss_function': 'RMSE', 'eval_metric': 'RMSE', 'early_stopping_rounds': 200, 'subsample': 0.8, 'rsm': 0.7, 'min_data_in_leaf': 30, 'border_count': 254, 'bootstrap_type': 'MVS'}"
003_v4_glitchfix_fastcap,GlitchFix_FastCap_Climatology_RainyWeight,xgboost,1.06989,0.582284,"[np.float64(1.827344), np.float64(0.970949), np.float64(0.411378)]",,"params={'objective': 'reg:squarederror', 'eval_metric': 'rmse', 'n_estimators': 3000, 'learning_rate': 0.03, 'max_depth': 10, 'subsample': 0.7, 'colsample_bytree': 0.6, 'reg_alpha': 0.5, 'reg_lambda': 5.0, 'min_child_weight': 10, 'gamma': 0.1, 'random_state': 42, 'n_jobs': -1, 'verbosity': 0, 'tree_method': 'hist'}"
001_v4b,GlitchFix_FastCap_Climatology_RainyWeight_v4b,lightgbm,1.065462,0.56972,"[np.float64(1.815747), np.float64(0.944636), np.float64(0.436005)]",,"params={'objective': 'huber', 'metric': 'rmse', 'boosting_type': 'gbdt', 'n_estimators': 3000, 'learning_rate': 0.03, 'max_depth': 10, 'num_leaves': 63, 'feature_fraction': 0.7, 'bagging_fraction': 0.8, 'bagging_freq': 1, 'min_child_samples': 20, 'random_state': 42, 'n_jobs': -1, 'verbose': -1}"
002_v4b,GlitchFix_FastCap_Climatology_RainyWeight_v4b,catboost,1.068017,0.550558,"[np.float64(1.786025), np.float64(0.969818), np.float64(0.448207)]",,"params={'iterations': 3000, 'learning_rate': 0.03, 'depth': 8, 'l2_leaf_reg': 5.0, 'random_seed': 42, 'verbose': 200, 'loss_function': 'RMSE', 'eval_metric': 'RMSE', 'early_stopping_rounds': 200, 'subsample': 0.8, 'rsm': 0.7, 'min_data_in_leaf': 30, 'border_count': 254, 'bootstrap_type': 'MVS'}"
003_v4b,GlitchFix_FastCap_Climatology_RainyWeight_v4b,xgboost,1.06989,0.582284,"[np.float64(1.827344), np.float64(0.970949), np.float64(0.411378)]",,"params={'objective': 'reg:squarederror', 'eval_metric': 'rmse', 'n_estimators': 3000, 'learning_rate': 0.03, 'max_depth': 10, 'subsample': 0.7, 'colsample_bytree': 0.6, 'reg_alpha': 0.5, 'reg_lambda': 5.0, 'min_child_weight': 10, 'gamma': 0.1, 'random_state': 42, 'n_jobs': -1, 'verbosity': 0, 'tree_method': 'hist'}"
ENSCHECK_lightgbm,EnsembleOOFCheck,lightgbm,1.065462,0.56972,"[np.float64(1.815747), np.float64(0.944636), np.float64(0.436005)]",,"params={'objective': 'huber', 'metric': 'rmse', 'boosting_type': 'gbdt', 'n_estimators': 3000, 'learning_rate': 0.03, 'max_depth': 10, 'num_leaves': 63, 'feature_fraction': 0.7, 'bagging_fraction': 0.8, 'bagging_freq': 1, 'min_child_samples': 20, 'random_state': 42, 'n_jobs': -1, 'verbose': -1}"
ENSCHECK_catboost,EnsembleOOFCheck,catboost,1.068017,0.550558,"[np.float64(1.786025), np.float64(0.969818), np.float64(0.448207)]",,"params={'iterations': 3000, 'learning_rate': 0.03, 'depth': 8, 'l2_leaf_reg': 5.0, 'random_seed': 42, 'verbose': 200, 'loss_function': 'RMSE', 'eval_metric': 'RMSE', 'early_stopping_rounds': 200, 'subsample': 0.8, 'rsm': 0.7, 'min_data_in_leaf': 30, 'border_count': 254, 'bootstrap_type': 'MVS'}"
ENSCHECK_xgboost,EnsembleOOFCheck,xgboost,1.06989,0.582284,"[np.float64(1.827344), np.float64(0.970949), np.float64(0.411378)]",,"params={'objective': 'reg:squarederror', 'eval_metric': 'rmse', 'n_estimators': 3000, 'learning_rate': 0.03, 'max_depth': 10, 'subsample': 0.7, 'colsample_bytree': 0.6, 'reg_alpha': 0.5, 'reg_lambda': 5.0, 'min_child_weight': 10, 'gamma': 0.1, 'random_state': 42, 'n_jobs': -1, 'verbosity': 0, 'tree_method': 'hist'}"
DIAG_lgb,diag,lightgbm,1.065462,0.56972,"[np.float64(1.815747), np.float64(0.944636), np.float64(0.436005)]",,"params={'objective': 'huber', 'metric': 'rmse', 'boosting_type': 'gbdt', 'n_estimators': 3000, 'learning_rate': 0.03, 'max_depth': 10, 'num_leaves': 63, 'feature_fraction': 0.7, 'bagging_fraction': 0.8, 'bagging_freq': 1, 'min_child_samples': 20, 'random_state': 42, 'n_jobs': -1, 'verbose': -1}"
TRUE_lightgbm,CorrectedPooledRMSE,lightgbm,1.065462,0.56972,"[np.float64(1.815747), np.float64(0.944636), np.float64(0.436005)]",,"params={'objective': 'huber', 'metric': 'rmse', 'boosting_type': 'gbdt', 'n_estimators': 3000, 'learning_rate': 0.03, 'max_depth': 10, 'num_leaves': 63, 'feature_fraction': 0.7, 'bagging_fraction': 0.8, 'bagging_freq': 1, 'min_child_samples': 20, 'random_state': 42, 'n_jobs': -1, 'verbose': -1}"
TRUE_catboost,CorrectedPooledRMSE,catboost,1.068017,0.550558,"[np.float64(1.786025), np.float64(0.969818), np.float64(0.448207)]",,"params={'iterations': 3000, 'learning_rate': 0.03, 'depth': 8, 'l2_leaf_reg': 5.0, 'random_seed': 42, 'verbose': 200, 'loss_function': 'RMSE', 'eval_metric': 'RMSE', 'early_stopping_rounds': 200, 'subsample': 0.8, 'rsm': 0.7, 'min_data_in_leaf': 30, 'border_count': 254, 'bootstrap_type': 'MVS'}"
TRUE_xgboost,CorrectedPooledRMSE,xgboost,1.06989,0.582284,"[np.float64(1.827344), np.float64(0.970949), np.float64(0.411378)]",,"params={'objective': 'reg:squarederror', 'eval_metric': 'rmse', 'n_estimators': 3000, 'learning_rate': 0.03, 'max_depth': 10, 'subsample': 0.7, 'colsample_bytree': 0.6, 'reg_alpha': 0.5, 'reg_lambda': 5.0, 'min_child_weight': 10, 'gamma': 0.1, 'random_state': 42, 'n_jobs': -1, 'verbosity': 0, 'tree_method': 'hist'}"
RESID_TEST_normal,normal_target,lightgbm,1.065462,0.56972,"[np.float64(1.815747), np.float64(0.944636), np.float64(0.436005)]",,"params={'objective': 'huber', 'metric': 'rmse', 'boosting_type': 'gbdt', 'n_estimators': 3000, 'learning_rate': 0.03, 'max_depth': 10, 'num_leaves': 63, 'feature_fraction': 0.7, 'bagging_fraction': 0.8, 'bagging_freq': 1, 'min_child_samples': 20, 'random_state': 42, 'n_jobs': -1, 'verbose': -1}"
RESID_TEST_resid,residual_target,lightgbm,3.059755,3.259972,"[np.float64(7.658769), np.float64(1.039394), np.float64(0.4811)]",,"params={'objective': 'huber', 'metric': 'rmse', 'boosting_type': 'gbdt', 'n_estimators': 3000, 'learning_rate': 0.03, 'max_depth': 10, 'num_leaves': 63, 'feature_fraction': 0.7, 'bagging_fraction': 0.8, 'bagging_freq': 1, 'min_child_samples': 20, 'random_state': 42, 'n_jobs': -1, 'verbose': -1}"
POOLED_rmse_obj,rmse_objective_pooled_retest,lightgbm,1.086442,0.576075,"[np.float64(1.848144), np.float64(0.955894), np.float64(0.455288)]",,"params={'objective': 'regression', 'metric': 'rmse', 'boosting_type': 'gbdt', 'n_estimators': 3000, 'learning_rate': 0.03, 'max_depth': 10, 'num_leaves': 63, 'feature_fraction': 0.7, 'bagging_fraction': 0.8, 'bagging_freq': 1, 'min_child_samples': 20, 'random_state': 42, 'n_jobs': -1, 'verbose': -1}"
POOLED_capacity,higher_capacity_pooled,lightgbm,1.070014,0.575638,"[np.float64(1.825385), np.float64(0.955196), np.float64(0.429461)]",,"params={'objective': 'huber', 'metric': 'rmse', 'boosting_type': 'gbdt', 'n_estimators': 3000, 'learning_rate': 0.03, 'max_depth': 12, 'num_leaves': 127, 'feature_fraction': 0.85, 'bagging_fraction': 0.9, 'bagging_freq': 1, 'min_child_samples': 10, 'random_state': 42, 'n_jobs': -1, 'verbose': -1}"
V3_densegrid_lgb,DenseGridFix_GlitchFix_Climatology,lightgbm,1.056087,0.571998,"[np.float64(1.804746), np.float64(0.947097), np.float64(0.416419)]",,"params={'objective': 'huber', 'metric': 'rmse', 'boosting_type': 'gbdt', 'n_estimators': 3000, 'learning_rate': 0.03, 'max_depth': 10, 'num_leaves': 63, 'feature_fraction': 0.7, 'bagging_fraction': 0.8, 'bagging_freq': 1, 'min_child_samples': 20, 'random_state': 42, 'n_jobs': -1, 'verbose': -1}"
001_v5,DenseGrid_GlitchFix_Climatology_RainyWeight_v5,lightgbm,1.056087,0.571998,"[np.float64(1.804746), np.float64(0.947097), np.float64(0.416419)]",,"params={'objective': 'huber', 'metric': 'rmse', 'boosting_type': 'gbdt', 'n_estimators': 3000, 'learning_rate': 0.03, 'max_depth': 10, 'num_leaves': 63, 'feature_fraction': 0.7, 'bagging_fraction': 0.8, 'bagging_freq': 1, 'min_child_samples': 20, 'random_state': 42, 'n_jobs': -1, 'verbose': -1}"
002_v5,DenseGrid_GlitchFix_Climatology_RainyWeight_v5,catboost,1.064025,0.544767,"[np.float64(1.781584), np.float64(0.948122), np.float64(0.46237)]",,"params={'iterations': 3000, 'learning_rate': 0.03, 'depth': 8, 'l2_leaf_reg': 5.0, 'random_seed': 42, 'verbose': 200, 'loss_function': 'RMSE', 'eval_metric': 'RMSE', 'early_stopping_rounds': 200, 'subsample': 0.8, 'rsm': 0.7, 'min_data_in_leaf': 30, 'border_count': 254, 'bootstrap_type': 'MVS'}"
003_v5,DenseGrid_GlitchFix_Climatology_RainyWeight_v5,xgboost,1.080741,0.58846,"[np.float64(1.853129), np.float64(0.962858), np.float64(0.426237)]",,"params={'objective': 'reg:squarederror', 'eval_metric': 'rmse', 'n_estimators': 3000, 'learning_rate': 0.03, 'max_depth': 10, 'subsample': 0.7, 'colsample_bytree': 0.6, 'reg_alpha': 0.5, 'reg_lambda': 5.0, 'min_child_weight': 10, 'gamma': 0.1, 'random_state': 42, 'n_jobs': -1, 'verbosity': 0, 'tree_method': 'hist'}"
001_v6,AllFixes_DenseGrid_12hAgg_NoDupRain_GlitchFix_Climatology_v6,lightgbm,1.037926,0.570951,"[np.float64(1.791186), np.float64(0.913146), np.float64(0.409447)]",,"params={'objective': 'huber', 'metric': 'rmse', 'boosting_type': 'gbdt', 'n_estimators': 3000, 'learning_rate': 0.03, 'max_depth': 10, 'num_leaves': 63, 'feature_fraction': 0.7, 'bagging_fraction': 0.8, 'bagging_freq': 1, 'min_child_samples': 20, 'random_state': 42, 'n_jobs': -1, 'verbose': -1}"
002_v6,AllFixes_DenseGrid_12hAgg_NoDupRain_GlitchFix_Climatology_v6,catboost,1.066515,0.52685,"[np.float64(1.768463), np.float64(0.931895), np.float64(0.499188)]",,"params={'iterations': 3000, 'learning_rate': 0.03, 'depth': 8, 'l2_leaf_reg': 5.0, 'random_seed': 42, 'verbose': 200, 'loss_function': 'RMSE', 'eval_metric': 'RMSE', 'early_stopping_rounds': 200, 'subsample': 0.8, 'rsm': 0.7, 'min_data_in_leaf': 30, 'border_count': 254, 'bootstrap_type': 'MVS'}"
003_v6,AllFixes_DenseGrid_12hAgg_NoDupRain_GlitchFix_Climatology_v6,xgboost,1.075795,0.586544,"[np.float64(1.848366), np.float64(0.951047), np.float64(0.427973)]",,"params={'objective': 'reg:squarederror', 'eval_metric': 'rmse', 'n_estimators': 3000, 'learning_rate': 0.03, 'max_depth': 10, 'subsample': 0.7, 'colsample_bytree': 0.6, 'reg_alpha': 0.5, 'reg_lambda': 5.0, 'min_child_weight': 10, 'gamma': 0.1, 'random_state': 42, 'n_jobs': -1, 'verbosity': 0, 'tree_method': 'hist'}"
SEASON_CHECK_cb,season_check,catboost,1.066515,0.52685,"[np.float64(1.768463), np.float64(0.931895), np.float64(0.499188)]",,"params={'iterations': 3000, 'learning_rate': 0.03, 'depth': 8, 'l2_leaf_reg': 5.0, 'random_seed': 42, 'verbose': 200, 'loss_function': 'RMSE', 'eval_metric': 'RMSE', 'early_stopping_rounds': 200, 'subsample': 0.8, 'rsm': 0.7, 'min_data_in_leaf': 30, 'border_count': 254, 'bootstrap_type': 'MVS'}"
WEIGHT_TUNE_1.0,rainy_weight_1.0,catboost,1.053441,0.537992,"[np.float64(1.76717), np.float64(0.924821), np.float64(0.468331)]",,"params={'iterations': 3000, 'learning_rate': 0.03, 'depth': 8, 'l2_leaf_reg': 5.0, 'random_seed': 42, 'verbose': 200, 'loss_function': 'RMSE', 'eval_metric': 'RMSE', 'early_stopping_rounds': 200, 'subsample': 0.8, 'rsm': 0.7, 'min_data_in_leaf': 30, 'border_count': 254, 'bootstrap_type': 'MVS'}"
WEIGHT_TUNE_2.0,rainy_weight_2.0,catboost,1.066515,0.52685,"[np.float64(1.768463), np.float64(0.931895), np.float64(0.499188)]",,"params={'iterations': 3000, 'learning_rate': 0.03, 'depth': 8, 'l2_leaf_reg': 5.0, 'random_seed': 42, 'verbose': 200, 'loss_function': 'RMSE', 'eval_metric': 'RMSE', 'early_stopping_rounds': 200, 'subsample': 0.8, 'rsm': 0.7, 'min_data_in_leaf': 30, 'border_count': 254, 'bootstrap_type': 'MVS'}"
WEIGHT_TUNE_3.0,rainy_weight_3.0,catboost,1.061576,0.558817,"[np.float64(1.799762), np.float64(0.936869), np.float64(0.448096)]",,"params={'iterations': 3000, 'learning_rate': 0.03, 'depth': 8, 'l2_leaf_reg': 5.0, 'random_seed': 42, 'verbose': 200, 'loss_function': 'RMSE', 'eval_metric': 'RMSE', 'early_stopping_rounds': 200, 'subsample': 0.8, 'rsm': 0.7, 'min_data_in_leaf': 30, 'border_count': 254, 'bootstrap_type': 'MVS'}"
WEIGHT_TUNE_4.0,rainy_weight_4.0,catboost,1.0873,0.527271,"[np.float64(1.789529), np.float64(0.953389), np.float64(0.51898)]",,"params={'iterations': 3000, 'learning_rate': 0.03, 'depth': 8, 'l2_leaf_reg': 5.0, 'random_seed': 42, 'verbose': 200, 'loss_function': 'RMSE', 'eval_metric': 'RMSE', 'early_stopping_rounds': 200, 'subsample': 0.8, 'rsm': 0.7, 'min_data_in_leaf': 30, 'border_count': 254, 'bootstrap_type': 'MVS'}"
WEIGHT_TUNE_6.0,rainy_weight_6.0,catboost,1.087252,0.512518,"[np.float64(1.778525), np.float64(0.930344), np.float64(0.552887)]",,"params={'iterations': 3000, 'learning_rate': 0.03, 'depth': 8, 'l2_leaf_reg': 5.0, 'random_seed': 42, 'verbose': 200, 'loss_function': 'RMSE', 'eval_metric': 'RMSE', 'early_stopping_rounds': 200, 'subsample': 0.8, 'rsm': 0.7, 'min_data_in_leaf': 30, 'border_count': 254, 'bootstrap_type': 'MVS'}"
DIAG_station,diag_station_breakdown,catboost,1.053441,0.537992,"[np.float64(1.76717), np.float64(0.924821), np.float64(0.468331)]",,"params={'iterations': 3000, 'learning_rate': 0.03, 'depth': 8, 'l2_leaf_reg': 5.0, 'random_seed': 42, 'verbose': 200, 'loss_function': 'RMSE', 'eval_metric': 'RMSE', 'early_stopping_rounds': 200, 'subsample': 0.8, 'rsm': 0.7, 'min_data_in_leaf': 30, 'border_count': 254, 'bootstrap_type': 'MVS'}"
DIAG_station,diag_station_breakdown,catboost,3.485081,3.947943,"[np.float64(9.062092), np.float64(0.924821), np.float64(0.468331)]",,"params={'iterations': 3000, 'learning_rate': 0.03, 'depth': 8, 'l2_leaf_reg': 5.0, 'random_seed': 42, 'verbose': 200, 'loss_function': 'RMSE', 'eval_metric': 'RMSE', 'early_stopping_rounds': 200, 'subsample': 0.8, 'rsm': 0.7, 'min_data_in_leaf': 30, 'border_count': 254, 'bootstrap_type': 'MVS'}"
DIAG_station,diag_station_breakdown,catboost,0.758238,0.205755,"[np.float64(0.881561), np.float64(0.924821), np.float64(0.468331)]",,"params={'iterations': 3000, 'learning_rate': 0.03, 'depth': 8, 'l2_leaf_reg': 5.0, 'random_seed': 42, 'verbose': 200, 'loss_function': 'RMSE', 'eval_metric': 'RMSE', 'early_stopping_rounds': 200, 'subsample': 0.8, 'rsm': 0.7, 'min_data_in_leaf': 30, 'border_count': 254, 'bootstrap_type': 'MVS'}"
DIAG_longhorizon,long_horizon_242d_analog,catboost,0.93377,0.0,[np.float64(0.93377)],,"params={'iterations': 3000, 'learning_rate': 0.03, 'depth': 8, 'l2_leaf_reg': 5.0, 'random_seed': 42, 'verbose': 200, 'loss_function': 'RMSE', 'eval_metric': 'RMSE', 'early_stopping_rounds': 200, 'subsample': 0.8, 'rsm': 0.7, 'min_data_in_leaf': 30, 'border_count': 254, 'bootstrap_type': 'MVS'}"
001_v7,v7_coldstart_fix_full_refit,lightgbm,0.68141,0.211684,"[np.float64(0.707786), np.float64(0.926473), np.float64(0.409971)]",,"params={'objective': 'huber', 'metric': 'rmse', 'boosting_type': 'gbdt', 'n_estimators': 3000, 'learning_rate': 0.03, 'max_depth': 10, 'num_leaves': 63, 'feature_fraction': 0.7, 'bagging_fraction': 0.8, 'bagging_freq': 1, 'min_child_samples': 20, 'random_state': 42, 'n_jobs': -1, 'verbose': -1}"
002_v7,v7_coldstart_fix_full_refit,catboost,0.758238,0.205755,"[np.float64(0.881561), np.float64(0.924821), np.float64(0.468331)]",,"params={'iterations': 3000, 'learning_rate': 0.03, 'depth': 8, 'l2_leaf_reg': 5.0, 'random_seed': 42, 'verbose': 200, 'loss_function': 'RMSE', 'eval_metric': 'RMSE', 'early_stopping_rounds': 200, 'subsample': 0.8, 'rsm': 0.7, 'min_data_in_leaf': 30, 'border_count': 254, 'bootstrap_type': 'MVS'}"
003_v7,v7_coldstart_fix_full_refit,xgboost,0.748571,0.24481,"[np.float64(0.90227), np.float64(0.940385), np.float64(0.403057)]",,"params={'objective': 'reg:squarederror', 'eval_metric': 'rmse', 'n_estimators': 3000, 'learning_rate': 0.03, 'max_depth': 10, 'subsample': 0.7, 'colsample_bytree': 0.6, 'reg_alpha': 0.5, 'reg_lambda': 5.0, 'min_child_weight': 10, 'gamma': 0.1, 'random_state': 42, 'n_jobs': -1, 'verbosity': 0, 'tree_method': 'hist'}"
DIAG_full_lightgbm,full_check_climatology_importance,lightgbm,0.68141,0.211684,"[np.float64(0.707786), np.float64(0.926473), np.float64(0.409971)]",,"params={'objective': 'huber', 'metric': 'rmse', 'boosting_type': 'gbdt', 'n_estimators': 3000, 'learning_rate': 0.03, 'max_depth': 10, 'num_leaves': 63, 'feature_fraction': 0.7, 'bagging_fraction': 0.8, 'bagging_freq': 1, 'min_child_samples': 20, 'random_state': 42, 'n_jobs': -1, 'verbose': -1}"
DIAG_full_catboost,full_check_climatology_importance,catboost,0.758238,0.205755,"[np.float64(0.881561), np.float64(0.924821), np.float64(0.468331)]",,"params={'iterations': 3000, 'learning_rate': 0.03, 'depth': 8, 'l2_leaf_reg': 5.0, 'random_seed': 42, 'verbose': 200, 'loss_function': 'RMSE', 'eval_metric': 'RMSE', 'early_stopping_rounds': 200, 'subsample': 0.8, 'rsm': 0.7, 'min_data_in_leaf': 30, 'border_count': 254, 'bootstrap_type': 'MVS'}"
STACK_lightgbm,stacking_prep,lightgbm,0.68141,0.211684,"[np.float64(0.707786), np.float64(0.926473), np.float64(0.409971)]",,"params={'objective': 'huber', 'metric': 'rmse', 'boosting_type': 'gbdt', 'n_estimators': 3000, 'learning_rate': 0.03, 'max_depth': 10, 'num_leaves': 63, 'feature_fraction': 0.7, 'bagging_fraction': 0.8, 'bagging_freq': 1, 'min_child_samples': 20, 'random_state': 42, 'n_jobs': -1, 'verbose': -1}"
STACK_catboost,stacking_prep,catboost,0.758238,0.205755,"[np.float64(0.881561), np.float64(0.924821), np.float64(0.468331)]",,"params={'iterations': 3000, 'learning_rate': 0.03, 'depth': 8, 'l2_leaf_reg': 5.0, 'random_seed': 42, 'verbose': 200, 'loss_function': 'RMSE', 'eval_metric': 'RMSE', 'early_stopping_rounds': 200, 'subsample': 0.8, 'rsm': 0.7, 'min_data_in_leaf': 30, 'border_count': 254, 'bootstrap_type': 'MVS'}"
STACK_xgboost,stacking_prep,xgboost,0.748571,0.24481,"[np.float64(0.90227), np.float64(0.940385), np.float64(0.403057)]",,"params={'objective': 'reg:squarederror', 'eval_metric': 'rmse', 'n_estimators': 3000, 'learning_rate': 0.03, 'max_depth': 10, 'subsample': 0.7, 'colsample_bytree': 0.6, 'reg_alpha': 0.5, 'reg_lambda': 5.0, 'min_child_weight': 10, 'gamma': 0.1, 'random_state': 42, 'n_jobs': -1, 'verbosity': 0, 'tree_method': 'hist'}"
V5_lightgbm,v5_riverid_fix,lightgbm,0.695455,0.210997,"[np.float64(0.737654), np.float64(0.930177), np.float64(0.418535)]",,"params={'objective': 'huber', 'metric': 'rmse', 'boosting_type': 'gbdt', 'n_estimators': 3000, 'learning_rate': 0.03, 'max_depth': 10, 'num_leaves': 63, 'feature_fraction': 0.7, 'bagging_fraction': 0.8, 'bagging_freq': 1, 'min_child_samples': 20, 'random_state': 42, 'n_jobs': -1, 'verbose': -1}"
DIAG_transition,dry_to_wet_transition_analog_sep_nov,lightgbm,0.657654,0.0,[np.float64(0.657654)],,"params={'objective': 'huber', 'metric': 'rmse', 'boosting_type': 'gbdt', 'n_estimators': 3000, 'learning_rate': 0.03, 'max_depth': 10, 'num_leaves': 63, 'feature_fraction': 0.7, 'bagging_fraction': 0.8, 'bagging_freq': 1, 'min_child_samples': 20, 'random_state': 42, 'n_jobs': -1, 'verbose': -1}"
OBJ_huber,objective_test_huber,lightgbm,0.68141,0.211684,"[np.float64(0.707786), np.float64(0.926473), np.float64(0.409971)]",,"params={'objective': 'huber', 'metric': 'rmse', 'boosting_type': 'gbdt', 'n_estimators': 3000, 'learning_rate': 0.03, 'max_depth': 10, 'num_leaves': 63, 'feature_fraction': 0.7, 'bagging_fraction': 0.8, 'bagging_freq': 1, 'min_child_samples': 20, 'random_state': 42, 'n_jobs': -1, 'verbose': -1}"
OBJ_regression,objective_test_regression,lightgbm,0.710733,0.201689,"[np.float64(0.769461), np.float64(0.923095), np.float64(0.439644)]",,"params={'objective': 'regression', 'metric': 'rmse', 'boosting_type': 'gbdt', 'n_estimators': 3000, 'learning_rate': 0.03, 'max_depth': 10, 'num_leaves': 63, 'feature_fraction': 0.7, 'bagging_fraction': 0.8, 'bagging_freq': 1, 'min_child_samples': 20, 'random_state': 42, 'n_jobs': -1, 'verbose': -1}"
